x_center,y_center,width,height,confidence,class_prob_0,class_prob_1,class_prob_2,class_prob_3,class_prob_4,class_prob_5,class_prob_6,class_prob_7,class_prob_8,class_prob_9
162.06967,150.63446,37.99815,48.544285,0.85162485,151.3206,146.67378,169.50465,143.8167,160.6016,156.52243,154.28024,161.92395,171.48854,159.42963,0.83812326
273.96378,149.929,44.430717,53.702675,0.8688494,263.56055,141.95587,284.45926,140.26328,275.58426,154.24597,266.2556,161.02405,285.273,159.5245,0.85510045
57.638084,154.86166,40.362396,52.65728,0.80409026,50.268814,148.97318,69.429756,149.28056,61.154346,161.13004,50.22515,165.55788,67.942276,165.85663,0.79145026
57.734726,154.64659,39.46945,52.633545,0.8843347,50.155106,148.80865,68.98314,148.80093,60.99853,161.39015,50.484802,165.64105,67.850296,165.65282,0.87030274
162.189,151.43883,37.443104,48.0718,0.8588855,151.25946,146.76244,169.09114,143.66011,160.33443,156.54208,153.848,162.10696,171.181,159.34494,0.8452753
274.23773,150.67313,43.99758,52.291138,0.823285,264.03217,142.1464,284.13956,140.51593,275.55634,153.66507,266.12985,161.01625,284.82626,159.58023,0.8102186
375.5938,154.02957,40.978065,54.355564,0.80778134,367.60522,148.6328,386.33636,146.32292,379.05035,158.86935,369.466,165.52655,387.2593,163.62646,0.7950642
375.9919,154.24124,40.749897,54.801994,0.7847314,367.7487,148.68573,386.1454,146.49515,379.21356,160.03307,369.75995,165.80194,387.57434,163.9103,0.77230936
482.1901,159.6084,42.33513,57.8,0.7258352,471.8167,155.19691,491.92545,153.67633,482.47766,166.36963,473.55368,172.12234,491.52228,170.9437,0.714263
584.2716,158.02553,39.401234,50.743,0.7894056,575.9524,152.4539,594.19434,152.39233,585.87317,164.72423,577.0806,169.38533,593.3894,169.32446,0.7770163
584.4409,157.80167,39.70287,51.147606,0.8470181,576.11945,152.798,593.92444,152.81133,585.4858,164.74648,576.85455,169.24228,593.60187,169.23053,0.8335951
56.993923,255.14656,40.131042,51.40462,0.78187835,44.45781,252.56232,61.98862,250.5242,52.216076,262.2196,47.825962,267.79022,64.183105,265.9249,0.7694805
57.117935,256.45963,38.86634,50.64847,0.70595056,45.1505,251.96564,62.152668,250.84099,52.244465,263.01013,47.997417,267.58694,64.43591,266.2971,0.6947422
160.52429,259.66327,41.993767,53.466812,0.7776658,149.40436,255.8028,169.51839,253.21275,158.84534,267.33295,151.27951,272.4408,169.75774,270.20206,0.7654286
160.52644,260.34406,41.989048,54.262615,0.84202707,149.18059,255.34267,169.0205,253.41977,159.24101,267.5338,151.44922,272.37042,169.96468,270.59985,0.8286239
270.85046,263.98734,42.856525,53.004345,0.7532868,259.762,257.55295,279.2825,257.11444,268.53232,269.66104,262.12094,274.91428,279.85184,274.4663,0.7414473
380.31122,260.21405,42.1679,54.594585,0.87767076,373.99844,252.8647,393.15265,253.52492,385.18546,265.23157,374.0932,272.1964,390.93237,272.75046,0.86380637
481.27554,265.50687,35.03512,44.20738,0.7153926,473.83972,259.9357,489.8211,260.13388,482.18433,269.15988,474.00314,274.0883,489.1146,274.2654,0.7041255
590.8607,258.5313,43.017292,51.592896,0.8299209,586.28723,248.94225,604.5,252.53778,595.9082,261.91434,582.80896,266.98334,599.6951,270.0252,0.8168581
590.7655,258.45184,42.20223,52.65818,0.7746292,585.88226,248.94159,604.60565,252.57938,596.1569,262.4088,583.33386,267.51828,599.847,270.6727,0.7623828
270.91556,264.7093,43.36338,54.749664,0.81432414,259.5377,257.07114,279.39923,256.95822,268.56836,269.22107,260.99017,274.91086,280.3102,274.70752,0.80145323
480.7998,266.12125,34.044487,44.419937,0.8048925,473.48138,260.03864,489.8302,260.39047,482.10147,269.56543,473.63504,274.22873,489.78894,274.47687,0.7922098
480.97427,265.95813,34.695713,45.00607,0.8720224,473.5589,259.9656,489.71292,260.04575,482.36285,269.4817,473.58655,274.52234,489.5413,274.5689,0.8581847
264.7997,359.95532,37.990707,51.405373,0.72909844,255.49207,356.72913,273.00925,354.1988,265.50626,365.7661,258.2371,371.77322,274.62085,369.75342,0.7175686
370.24994,359.8829,37.062977,49.77671,0.84695756,358.44116,356.61542,374.83047,354.28635,365.36496,364.79587,360.843,371.13498,376.99176,369.0561,0.8335197
54.123245,367.8673,40.352634,52.62923,0.8130658,47.043617,361.78802,66.15456,363.98987,56.801178,374.48837,45.61196,378.6321,63.018368,380.43414,0.8002526
160.35007,361.98248,34.40668,48.38049,0.8058673,152.59213,356.7012,168.90631,356.06934,161.48198,365.6538,154.67378,373.63074,168.2845,373.10303,0.7931417
160.57521,361.9378,34.394474,49.02871,0.85020417,152.51682,356.85757,168.71677,356.13797,161.45879,366.01648,154.80011,373.7675,167.9413,373.24548,0.83669364
264.84476,361.18298,37.95424,50.464066,0.7046623,255.66766,356.69,272.6884,353.7682,264.6621,365.3478,257.55853,372.02618,274.22507,369.53146,0.69356304
264.7035,360.9457,37.48404,51.73506,0.82255954,255.60829,356.37885,272.6857,353.8847,265.1773,365.49445,257.60046,371.98605,274.08978,369.8353,0.8095043
370.24893,359.8568,36.63088,49.241158,0.8551544,358.80264,356.3089,374.81525,354.3429,365.4537,364.40924,360.47955,370.69617,376.97354,368.8562,0.84157825
483.292,366.47867,35.63152,45.545403,0.8983122,474.43085,360.63477,491.21014,363.05606,481.17752,372.5979,472.94342,375.5079,488.8899,377.45093,0.8840497
593.737,363.54126,40.389465,49.84809,0.84531885,588.242,356.7559,606.23627,357.99445,599.104,368.1759,587.53186,373.69446,603.6333,374.85077,0.83207005
593.72955,363.58524,37.80822,49.326183,0.87185943,588.4774,356.93765,606.209,358.27563,599.1496,368.04156,588.2431,373.71277,603.5177,374.91455,0.8580621
54.440575,368.13736,41.830444,52.787243,0.8169764,46.935028,361.9841,66.32174,363.46692,56.687202,374.7993,44.922882,378.65164,64.084694,379.9717,0.80409145
483.13077,366.71326,36.5619,47.675938,0.8538797,474.42712,360.63437,491.36078,362.9526,481.19763,372.47806,472.66843,375.47534,488.9487,377.3909,0.8403378
589.0145,464.94986,40.59339,56.35118,0.74526507,579.81396,460.04178,599.28845,459.5605,589.51135,471.17987,581.00397,477.19388,598.2797,476.82483,0.7334698
53.21936,469.80115,42.052753,55.044952,0.8101063,44.100666,463.66327,63.29738,465.85553,52.72948,476.33286,43.330193,479.82355,61.884445,481.56613,0.7972821
265.88654,472.50906,37.568474,51.793537,0.83997166,258.17477,465.54852,275.2106,465.7185,267.4127,477.1116,258.5739,482.09857,275.27917,482.21857,0.82667863
373.1613,468.8659,37.12397,53.174297,0.8671817,362.1374,463.92923,379.89243,464.8343,368.9245,476.79865,363.8051,481.09167,380.11493,481.60623,0.8533694
589.3345,465.29868,40.59534,55.96113,0.8239882,580.1676,459.60132,599.21497,459.13358,589.3614,471.9078,580.6524,477.02817,599.10425,476.51657,0.8109279
53.393967,471.35925,41.30979,53.88952,0.7561724,43.81845,462.9106,63.48907,465.40002,53.07229,476.59314,42.67308,479.76578,61.71618,481.91998,0.7441992
161.00522,475.76343,41.019253,50.76754,0.83106685,153.87123,469.08417,171.97266,474.20215,161.62549,483.75043,149.85107,484.34167,166.4552,488.70065,0.81798476
160.4262,475.6063,38.511303,49.87838,0.8584195,154.02065,470.17697,171.21269,474.5169,162.36288,483.47195,150.97916,484.72934,166.79329,488.50824,0.844779
266.01492,473.35944,37.487946,52.390617,0.85732776,257.74692,465.55814,275.2912,465.92386,267.2241,477.4995,257.71323,482.72565,275.2897,483.03387,0.8436962
373.4063,470.3881,37.173714,53.826122,0.7019208,362.0967,463.27505,380.03397,464.45685,368.4481,476.29718,362.88623,480.45615,380.28772,481.21173,0.6907694
478.74185,477.18893,40.259655,56.91665,0.8034502,469.74948,474.14682,489.0059,474.5077,479.1608,487.74756,470.6427,492.12567,486.70026,492.34683,0.79071677
478.16882,477.2149,40.522865,56.703796,0.7588569,469.79126,474.10422,488.94824,473.9215,479.80505,487.2521,471.1293,492.19693,487.7795,492.09528,0.74681765
57.63514,154.45175,39.581116,52.00537,0.87638646,50.4329,149.01407,69.02453,149.04152,60.8648,161.12766,50.52437,165.96501,67.78611,166.14375,0.8615959
57.677315,154.39476,39.19362,51.6498,0.83125204,50.66609,148.86794,68.8267,149.07948,60.72999,161.16125,50.764214,165.78062,67.66728,166.0825,0.81727755
161.9842,150.70479,38.09047,50.03616,0.87097085,151.23369,146.72263,169.0335,143.99167,159.97655,156.40196,153.98836,162.72052,171.0912,160.01913,0.8562815
162.22589,150.76671,38.24523,49.63089,0.8675509,151.2154,146.5071,169.26385,143.98569,160.36208,156.35532,154.01454,162.52196,171.34294,160.04323,0.8529117
273.6532,150.68379,45.550434,54.66938,0.8852947,263.79456,141.74585,284.39633,140.38707,275.35834,152.85149,266.0272,160.99312,284.79553,159.68253,0.87035257
273.8027,150.62833,44.8976,54.693665,0.8904593,263.7419,141.49153,284.55957,140.30547,275.42215,152.96452,266.23053,160.90381,284.972,159.8985,0.8754156
375.58896,152.85883,40.936993,56.04451,0.86615837,367.8174,148.64343,386.05835,146.64914,379.0126,159.21681,369.4125,165.84814,387.21616,164.13683,0.8515366
482.17432,159.17029,43.090973,59.423897,0.85657674,471.97455,155.01282,492.31314,153.99428,482.3984,166.46873,473.25916,173.18134,492.00122,172.37524,0.8421358
584.3709,158.7873,39.281593,51.330036,0.86941767,576.2424,152.74773,593.96014,152.94969,585.352,165.12753,576.25024,169.0665,593.0129,169.30515,0.8547488
57.699387,154.50496,39.585518,52.344696,0.84580195,50.52875,149.15399,68.91199,149.22978,60.935978,161.43419,50.314346,165.97711,67.62398,166.14743,0.8315436
482.30328,159.14867,43.303047,59.135815,0.849399,471.95148,155.06987,492.03763,154.08691,482.0837,166.19203,472.99588,172.9994,492.0755,172.17702,0.83506703
584.4027,158.90039,39.22345,51.10256,0.87392527,576.1874,152.85413,593.8002,152.72707,585.2661,165.09921,576.24927,169.3111,593.02423,169.2025,0.85916173
56.61823,255.5239,39.242428,50.622684,0.8719481,44.98169,251.86542,62.14306,250.96126,52.845253,262.59836,47.47335,267.43427,64.82062,266.34662,0.8572413
380.11307,260.4998,41.63121,55.028336,0.8385879,374.22113,253.27856,392.87903,253.61806,385.33163,264.68307,373.74158,272.3307,391.46613,272.62872,0.824448
590.8624,257.8708,43.02472,52.759193,0.7751835,586.5718,249.27463,604.63904,252.68948,595.9249,262.48398,582.81976,267.71216,599.696,270.73746,0.76211447
56.642838,255.56357,39.10462,50.793606,0.87121964,44.88148,252.0852,62.03237,250.98026,52.594902,262.66196,47.742004,267.63077,64.85641,266.3744,0.8565101
160.72275,260.3147,43.152245,55.60415,0.8619745,149.42552,255.84085,169.03133,254.03043,158.95717,267.07343,151.0819,272.75262,170.08582,270.90247,0.8474211
160.77173,260.30692,42.646915,55.278755,0.8638067,149.40663,255.51143,169.16101,253.89339,159.01685,267.01956,151.16628,272.49533,170.19582,270.8881,0.8492254
270.40662,265.26813,43.54725,54.333324,0.8857178,259.2982,257.41876,278.6952,257.0767,268.91446,269.66068,260.69556,275.45886,280.20914,275.07544,0.87076324
270.71133,265.1784,43.55074,54.512447,0.8910384,259.3879,257.35693,278.80774,257.23288,268.64615,269.62695,260.66068,275.32315,280.29587,275.07785,0.8760119
379.99603,260.50842,41.317593,54.658348,0.8755826,374.10995,253.36992,392.69394,253.70921,385.39783,264.9321,373.57706,272.4786,391.30246,272.7778,0.8608036
380.0181,260.45044,40.875637,54.885742,0.86621565,374.36017,253.49423,393.0827,253.7514,385.5453,265.23483,374.00543,272.40588,391.5729,272.76038,0.85160017
481.16455,266.3276,35.10882,45.07612,0.8685631,473.76746,260.02985,489.79767,260.01578,482.1841,269.53888,473.8008,274.71863,489.64288,274.77484,0.85392565
481.2044,266.45578,35.169205,44.837738,0.8664527,473.7331,260.13077,489.66672,260.29605,482.16083,269.4626,473.9677,274.78503,489.55875,275.05582,0.8518399
590.87103,258.02847,43.01654,52.077175,0.8398464,586.7867,249.4156,604.7385,252.68109,596.21533,262.54504,582.9077,268.0139,599.90875,270.97202,0.8256844
590.95325,258.19308,42.518394,51.94799,0.797184,586.8056,249.37321,604.6831,252.61856,596.233,262.769,583.0723,267.91296,600.1306,270.8749,0.7837238
481.31274,266.42087,34.95854,45.39224,0.7325696,473.59396,259.88028,489.77014,260.2132,482.5788,269.51315,474.05472,274.91592,490.0112,275.11707,0.7202111
54.12135,368.5975,40.913593,53.814716,0.88062966,46.83478,362.04697,66.00294,363.4836,56.8777,375.34558,44.367714,379.09467,63.9618,380.6615,0.865771
160.5723,361.48764,35.590134,50.61341,0.8724532,152.69922,356.6396,168.95691,356.02213,161.27325,365.74268,154.89653,374.2235,168.25589,373.73233,0.85774964
160.52817,361.68497,35.76384,50.181957,0.8705086,152.59944,356.7285,168.99945,356.0271,161.31984,365.92038,154.92545,374.26068,168.33488,373.69492,0.85582477
264.61438,360.65732,37.69126,51.18797,0.87364554,255.6249,356.4235,272.68256,354.23328,264.83667,365.48526,257.3887,372.26318,273.993,370.20108,0.85889924
370.35434,359.8198,36.816017,49.46149,0.86856973,358.70074,356.46164,374.60632,354.6922,365.19434,364.4588,361.00894,371.3828,376.8834,369.51694,0.8539279
370.5511,359.74368,37.17305,49.39237,0.8622893,358.8267,356.5459,374.69968,354.81952,365.4391,364.5673,361.14175,371.19867,376.95798,369.33655,0.84774977
483.149,366.99017,36.433163,47.00889,0.87972134,474.83405,360.66943,491.29074,363.1838,480.9152,372.42603,472.68655,375.76346,488.7401,378.0426,0.8648979
593.356,364.0976,38.952785,49.476322,0.8574544,588.2722,357.30032,606.0025,358.47272,598.74945,368.09085,587.4226,374.34497,603.40717,375.52762,0.8429999
593.4543,364.02142,38.828835,49.452095,0.8615901,588.29517,357.10547,605.8466,358.29504,598.8797,367.912,587.8124,374.15518,603.5719,375.32568,0.8470594
54.158966,368.51303,40.56252,53.202145,0.8782749,46.628716,362.1258,65.88472,363.41168,56.69837,375.3222,44.33463,378.86227,63.912987,380.38745,0.8634322
483.1747,367.09952,36.23662,46.93266,0.87880516,474.7994,360.73077,491.31668,362.97626,481.1592,372.4947,472.63373,375.7048,489.04468,377.69516,0.86396843
593.6164,363.80713,38.629406,49.618687,0.7972031,588.3811,357.33456,606.08795,358.57776,599.01227,368.49338,587.35114,374.20456,603.69934,375.3697,0.78374994
52.73065,469.53998,42.500397,55.92916,0.79420495,43.51124,463.46362,62.809986,465.51212,53.084637,476.2021,42.724884,480.22226,62.689106,482.0708,0.7808388
373.11365,470.01398,38.408146,54.09688,0.78373396,361.8827,463.48474,379.9392,464.5924,368.81857,476.34296,363.01544,481.32727,380.16168,482.14075,0.7705553
588.88104,465.63184,40.41624,58.116295,0.8761185,580.03687,459.97928,598.9682,459.5136,590.19116,471.59534,580.6788,477.37244,598.84924,476.96573,0.861324
52.763165,469.5681,41.56346,54.160736,0.8480178,43.624508,463.6815,62.515102,465.41513,52.751114,475.6625,42.53749,480.15305,61.905495,481.779,0.83369154
52.838352,469.494,41.7787,54.266125,0.86269534,43.744427,463.40158,62.864883,465.23865,52.986805,475.79816,42.81742,479.7936,62.39296,481.5567,0.8481299
160.27998,475.48105,38.90677,49.524117,0.8608536,154.59164,469.5732,171.54504,474.3422,161.15218,483.644,150.24077,484.34338,165.72672,488.84354,0.84632933
160.33826,475.55203,38.910263,49.889374,0.8678782,154.71591,469.67157,171.7959,474.79822,161.49596,483.86182,150.16077,484.19305,166.11143,488.92722,0.853251
265.8282,473.3877,38.251297,53.17151,0.877774,257.98926,465.5336,275.30893,465.84088,266.94086,477.13028,257.33832,482.53424,275.3977,482.94913,0.8629506
265.93323,473.3514,38.235283,53.20441,0.84195876,258.0797,465.60895,275.28772,465.99115,266.7829,477.26642,257.7252,482.6421,275.40628,483.11996,0.82779485
373.15204,470.07965,37.813717,53.994846,0.85693717,362.0945,463.5806,379.8553,464.35272,368.74493,476.35263,363.14334,481.46805,380.2137,481.93118,0.8424559
373.27756,470.1336,38.52354,53.65423,0.85332775,362.03952,463.53485,380.1107,464.5659,368.65424,476.44888,363.08847,481.0049,380.31577,481.7812,0.8389163
479.05035,477.32956,40.926914,59.10393,0.8523147,469.57822,474.70938,489.25555,474.61703,479.5718,488.69363,470.84158,492.30124,487.49417,492.25775,0.83792484
478.99542,477.30115,41.01449,58.516716,0.8198049,469.77118,474.399,488.99966,474.1829,479.33673,488.4553,471.01587,492.42084,487.47183,492.19537,0.80598897
588.86914,465.49713,40.46199,57.992752,0.8778257,580.0779,459.99506,598.7098,459.617,589.87244,471.78806,580.3043,477.43997,598.5985,477.0377,0.86299884
588.7227,466.02402,40.379845,57.103447,0.7521455,580.10175,459.98285,598.94336,459.8043,589.8425,472.1117,580.59424,477.45212,598.7621,477.3065,0.73945665
265.9475,473.87878,38.33956,53.02511,0.74811435,257.9769,465.6806,275.15988,466.04196,266.91064,477.1122,257.27103,482.70517,275.2256,483.0631,0.7354915
478.85214,477.69547,40.9312,58.303246,0.744017,469.76733,474.6716,488.87207,474.62476,479.21362,488.51822,470.42682,492.29684,487.2537,492.17252,0.731468
57.608574,154.43907,39.55066,52.13596,0.87860626,50.44001,148.99886,69.031235,149.04472,60.867615,161.10373,50.48391,165.87567,67.71467,166.14186,0.86406434
57.679028,154.37433,39.003616,51.47303,0.83539414,50.674774,148.86394,68.86379,149.04881,60.713867,161.18515,50.66136,165.70573,67.6559,166.07208,0.82160085
162.01523,150.69736,37.937622,50.081474,0.87998426,151.23935,146.6745,168.98918,143.99054,160.00674,156.3747,153.97403,162.70274,171.06483,160.01152,0.865386
162.19238,150.73999,38.191006,49.722824,0.87450004,151.19804,146.45807,169.27876,143.95985,160.39955,156.2934,153.95992,162.46286,171.34222,160.01402,0.860067
273.68268,150.69762,45.394585,54.97777,0.89342666,263.7613,141.70201,284.37857,140.33658,275.37653,152.8422,265.99142,160.9403,284.75244,159.69766,0.8786028
273.79465,150.60147,44.73839,54.77822,0.8911698,263.74185,141.50829,284.5703,140.29715,275.4485,152.94945,266.2062,160.8812,284.93707,159.94415,0.8764591
375.55835,152.86914,40.74126,56.127144,0.8694987,367.84317,148.61043,386.04327,146.66345,379.00757,159.19025,369.34805,165.7642,387.15833,164.11435,0.8551269
482.15134,159.18344,42.874096,59.567238,0.8618808,471.93314,155.01044,492.31152,153.99962,482.40567,166.44292,473.16333,173.17302,491.98178,172.38916,0.8476017
584.36554,158.79599,39.270744,51.309307,0.87336266,576.2474,152.7407,593.9823,152.95247,585.3879,165.1271,576.2346,169.04431,592.9968,169.33305,0.8588773
57.705544,154.54501,39.300037,52.34962,0.8479226,50.49588,149.12138,68.90165,149.20543,60.912445,161.36179,50.262608,165.86595,67.6314,166.1075,0.83400935
482.30655,159.12027,43.2122,59.178787,0.85353225,471.89478,154.99089,492.05115,154.00113,482.0903,166.1354,472.90964,172.91542,492.04462,172.18277,0.8395044
584.414,158.91162,39.064457,51.152065,0.8772032,576.1811,152.80118,593.8142,152.7245,585.3095,165.02536,576.269,169.27939,593.0134,169.2526,0.86277086
56.60565,255.5268,39.171257,50.47837,0.8775939,44.972797,251.82362,62.137848,250.96866,52.87299,262.5952,47.39134,267.4549,64.80896,266.38892,0.86304075
380.1045,260.50046,41.43686,54.951283,0.8401786,374.234,253.26378,392.8277,253.59727,385.32498,264.74838,373.73627,272.3922,391.4383,272.70776,0.8262304
590.8637,257.8572,42.684612,52.554737,0.7931873,586.56244,249.23457,604.5672,252.60684,595.9092,262.5296,582.7877,267.729,599.7029,270.75333,0.7800033
56.610374,255.56218,39.007656,50.78347,0.8751862,44.8929,251.98305,62.030884,250.96829,52.66729,262.5807,47.755276,267.5814,64.8062,266.42084,0.8607782
160.73825,260.30927,42.95953,55.78388,0.8725518,149.41354,255.75108,169.01488,254.02017,158.98766,267.01468,151.0721,272.69427,170.03404,270.92722,0.8580903
160.75844,260.2757,42.563553,55.36212,0.8739927,149.3814,255.46326,169.15376,253.86897,159.06534,266.93167,151.12688,272.40213,170.2142,270.8502,0.859581
270.38406,265.23932,43.403786,54.38893,0.88944656,259.2652,257.36447,278.6331,257.0642,268.91016,269.56924,260.62766,275.37674,280.1625,275.0763,0.8747003
270.71893,265.14978,43.394062,54.48124,0.8956545,259.40942,257.2897,278.7647,257.16257,268.6613,269.58496,260.64005,275.24576,280.3244,275.05542,0.88083565
379.9552,260.50485,41.167313,54.798874,0.87636214,374.0954,253.30449,392.6338,253.69609,385.3621,264.89148,373.52158,272.409,391.23483,272.80597,0.861874
379.9899,260.4232,40.863026,54.870186,0.87155616,374.3634,253.46063,393.06537,253.7452,385.53003,265.17215,373.89877,272.30322,391.56488,272.71637,0.8572037
481.1957,266.31674,34.98775,44.892822,0.8746661,473.76782,260.00412,489.7748,259.99005,482.20032,269.52182,473.74277,274.6548,489.64325,274.79156,0.860152
481.18442,266.45288,35.13717,44.919163,0.87093544,473.72864,260.10303,489.68637,260.24683,482.18066,269.48022,473.89484,274.77466,489.5631,275.12012,0.8565373
590.8373,257.9918,42.852444,52.156776,0.8432582,586.7598,249.34444,604.689,252.61351,596.1954,262.5167,582.83105,267.93726,599.8558,270.99448,0.8293122
590.95,258.1438,42.377792,52.01207,0.8027952,586.8284,249.36496,604.6506,252.57729,596.2296,262.68848,583.01044,267.81155,600.1614,270.80695,0.7895924
481.3076,266.43674,34.96028,45.419975,0.73055774,473.61075,259.82788,489.79135,260.23654,482.547,269.56567,473.96686,274.86017,490.0355,275.14386,0.7185978
54.095833,368.5985,40.74632,53.60707,0.8889493,46.86269,362.08298,65.98842,363.4934,56.885727,375.2899,44.335274,379.08295,63.97058,380.7234,0.8741998
160.58252,361.46378,35.417336,50.444546,0.88027084,152.72662,356.63437,168.92688,356.02084,161.33275,365.73914,154.91628,374.17093,168.2264,373.72278,0.8656784
160.53271,361.69055,35.616985,50.184696,0.8724062,152.61938,356.74118,169.00218,356.022,161.32939,365.90817,154.89615,374.22592,168.30707,373.69614,0.8579939
264.60004,360.6495,37.598927,51.20887,0.8719394,255.64304,356.37167,272.68457,354.25528,264.85632,365.44382,257.33365,372.18628,273.9373,370.16858,0.8575264
370.3883,359.8073,36.682266,49.376404,0.87318504,358.71692,356.43958,374.57297,354.69275,365.23608,364.4439,360.95663,371.3754,376.8816,369.50388,0.85869807
370.53073,359.73233,37.082764,49.46732,0.8698645,358.8074,356.51114,374.72952,354.79883,365.48288,364.57416,361.09256,371.21762,376.97504,369.36716,0.85550034
483.11646,367.00342,36.377754,46.94158,0.8815943,474.81247,360.68463,491.31778,363.15228,480.94702,372.40833,472.62863,375.7305,488.7662,378.0834,0.8669686
593.3901,364.1082,38.71666,49.272198,0.86643255,588.2808,357.24908,605.9953,358.41608,598.7452,368.14563,587.4091,374.34546,603.3848,375.5741,0.85204965
593.3976,364.03726,38.77321,49.580612,0.86463785,588.2693,357.10748,605.8673,358.2643,598.88586,367.92807,587.7247,374.15817,603.5686,375.39908,0.8503335
54.13154,368.50922,40.396168,53.40442,0.8807724,46.639675,362.05786,65.845406,363.37668,56.698017,375.2176,44.276115,378.7668,63.86979,380.43942,0.8662739
483.1669,367.105,36.13495,46.885456,0.8787777,474.80344,360.7043,491.3262,362.97873,481.17285,372.47626,472.56436,375.63358,489.0162,377.7149,0.8643391
593.6143,363.82175,38.49159,49.68972,0.79094434,588.37823,357.2843,606.1112,358.5663,598.955,368.5042,587.25397,374.1537,603.63477,375.36758,0.77798766
52.69256,469.52985,42.30809,55.892982,0.802389,43.534138,463.39047,62.803436,465.50235,53.10143,476.13412,42.651215,480.18463,62.6758,482.11417,0.7890602
373.06015,469.98813,38.11652,53.893997,0.7877407,361.83774,463.40778,379.92035,464.5592,368.81293,476.30502,362.92227,481.31808,380.13052,482.1784,0.7746484
588.8909,465.61557,40.26659,58.182747,0.8834145,580.04803,459.92014,598.8972,459.51053,590.16473,471.6445,580.66644,477.38297,598.76636,477.0376,0.8687474
52.780926,469.583,41.38701,54.280666,0.85492456,43.64162,463.5702,62.51555,465.3114,52.76855,475.61557,42.46561,480.09567,61.951733,481.79706,0.84073824
52.77888,469.49084,41.70888,54.63587,0.8681127,43.7304,463.3361,62.821236,465.20145,53.004814,475.73584,42.698082,479.73172,62.369034,481.62228,0.85378975
160.29916,475.43765,38.75844,49.426,0.8716398,154.56523,469.4923,171.51984,474.2117,161.11624,483.6348,150.25182,484.28595,165.7172,488.86185,0.8571815
160.29532,475.54724,38.91874,50.07194,0.8736881,154.6976,469.67816,171.79202,474.73184,161.501,483.8065,150.13101,484.129,166.11761,488.97073,0.85922843
265.82617,473.36508,38.20095,53.266705,0.87489,258.00156,465.49213,275.28445,465.85834,266.94672,477.0458,257.27118,482.42117,275.3494,482.9472,0.8604115
265.93674,473.32352,37.989986,52.986523,0.8449887,258.1127,465.58615,275.28696,465.97632,266.75644,477.2971,257.62222,482.52835,275.418,483.0951,0.83103377
373.1786,470.0775,37.526463,54.01424,0.8641713,362.09256,463.52063,379.851,464.2945,368.69818,476.29004,363.15784,481.4261,380.24832,481.9044,0.8498338
373.1812,470.1368,38.446995,53.927372,0.86253536,361.98996,463.4869,380.0894,464.52664,368.66226,476.35812,363.00546,480.9582,380.2985,481.8105,0.8482912
479.05365,477.29776,40.61781,59.091602,0.8643428,469.56244,474.6493,489.1747,474.5885,479.5537,488.61557,470.86395,492.19894,487.40408,492.2554,0.8500007
478.98093,477.2968,40.889072,58.784332,0.8280748,469.7272,474.32648,489.02316,474.1521,479.3572,488.38525,470.9298,492.34174,487.45767,492.151,0.8143634
588.8395,465.48535,40.350105,58.076622,0.881389,580.07367,459.88196,598.683,459.59796,589.8736,471.7335,580.3107,477.3818,598.5378,477.10544,0.86682796
588.7151,465.9868,40.30479,56.969215,0.7609947,580.07245,459.87003,598.9416,459.77817,589.8256,472.05188,580.4992,477.3255,598.743,477.26233,0.7484622
265.9524,473.87186,38.06383,53.099594,0.7541957,257.9905,465.67773,275.112,466.02704,266.84024,477.1007,257.2186,482.63187,275.33994,483.062,0.7418208
478.826,477.657,40.748608,58.563328,0.75833327,469.69604,474.5606,488.87952,474.56546,479.24185,488.44827,470.38437,492.20578,487.19766,492.15198,0.74581283
162.27983,150.52686,38.45897,50.4145,0.70955515,151.23784,146.45581,169.35019,144.05879,160.2846,156.26958,153.92343,162.72943,171.23387,160.4801,0.6982609
57.591904,154.3996,39.680508,52.2585,0.886448,50.432327,148.98761,68.99548,149.03525,60.864643,161.06917,50.47647,165.78745,67.57439,166.03284,0.8722765
57.70363,154.28584,39.124615,51.774433,0.8341412,50.635773,148.88794,68.80784,149.01755,60.64087,161.14438,50.609905,165.61427,67.51467,165.94894,0.8207699
162.01141,150.6847,38.10663,50.07667,0.88635457,151.17096,146.67598,168.87238,143.997,159.96045,156.32533,153.90453,162.65126,170.89911,159.88083,0.8722041
162.21024,150.64622,38.308533,49.74944,0.8830011,151.225,146.46443,169.2387,143.98398,160.43896,156.23732,153.94461,162.38712,171.24762,159.89415,0.8688463
273.65976,150.62726,45.56301,55.08204,0.8972636,263.73413,141.70781,284.30298,140.32037,275.36255,152.82332,265.97562,160.88362,284.60934,159.60837,0.8829314
273.81836,150.57298,44.944412,54.852478,0.89408255,263.76358,141.54399,284.51144,140.32938,275.4907,152.9294,266.17532,160.833,284.7957,159.87941,0.8797511
375.5622,152.81996,40.90142,56.127007,0.8775209,367.83997,148.56926,386.01236,146.63245,379.0182,159.12311,369.33472,165.65982,387.03946,163.97089,0.8634786
482.11853,159.16618,42.987152,59.61947,0.8647513,471.92957,155.02399,492.24545,154.00969,482.39706,166.36269,473.15933,173.07733,491.86688,172.2521,0.8509369
584.36053,158.79884,39.43213,51.5417,0.87486637,576.24176,152.74457,593.9131,152.95395,585.36145,165.11827,576.24146,169.00943,592.85767,169.25862,0.86089563
57.66538,154.6067,39.53226,52.092422,0.8586395,50.504833,149.12166,68.82984,149.21912,60.918385,161.37283,50.244568,165.83838,67.493324,166.05528,0.8448919
482.2928,159.00076,43.426487,59.302036,0.8576719,471.9031,155.0132,492.01587,154.013,482.13873,166.10272,472.91794,172.85063,491.9315,172.10477,0.843935
584.377,158.89822,39.2501,50.970016,0.8816144,576.223,152.81357,593.7662,152.76044,585.3647,164.98668,576.30963,169.22644,592.89044,169.18948,0.86749023
56.590466,255.49637,39.425453,50.756393,0.87621534,44.917416,251.8042,62.054794,250.95459,52.81387,262.57443,47.390305,267.4354,64.678925,266.31204,0.86223495
380.08746,260.5293,41.57162,55.097717,0.8439772,374.2678,253.23207,392.74622,253.55342,385.30563,264.7287,373.75705,272.34238,391.32312,272.63983,0.83054227
590.8721,257.91068,42.75608,52.518486,0.8015095,586.63776,249.21649,604.4717,252.59332,595.9467,262.52866,582.86035,267.71112,599.60846,270.67474,0.7887482
56.566124,255.54445,39.2108,50.676407,0.8773835,44.931274,251.98358,61.955433,251.03014,52.749916,262.5219,47.777912,267.50424,64.68162,266.353,0.86332583
160.7207,260.27597,42.956974,55.69995,0.8819963,149.38689,255.73904,168.94206,254.02805,158.99394,266.97507,151.05875,272.6321,169.88107,270.83395,0.86789584
160.76416,260.2261,42.77783,55.409348,0.88083756,149.38106,255.47513,169.08472,253.89229,159.08676,266.87234,151.1231,272.3191,170.10378,270.72046,0.866714
270.37476,265.14944,43.556473,54.438816,0.8961672,259.2859,257.3831,278.56387,257.0895,268.93185,269.5472,260.6688,275.31265,280.05185,274.966,0.8818399
270.67142,265.1464,43.59635,54.50467,0.89755476,259.38748,257.28113,278.60898,257.1598,268.657,269.57828,260.61835,275.17767,280.15952,274.9448,0.8831607
379.93753,260.48856,41.36779,54.953686,0.8825147,374.12766,253.31071,392.60785,253.70744,385.40164,264.8838,373.5304,272.38492,391.0979,272.74405,0.8683835
379.96454,260.4258,41.11171,55.025383,0.8821002,374.31683,253.47151,393.01758,253.77516,385.55228,265.1457,373.8787,272.22733,391.44174,272.6053,0.86795557
481.1898,266.26712,35.154537,45.062912,0.8799941,473.74643,259.96957,489.7043,259.95734,482.20593,269.44852,473.7024,274.57364,489.57562,274.66718,0.8659531
481.1722,266.39572,35.255108,44.90593,0.8811573,473.76678,260.1174,489.65405,260.27466,482.20804,269.4655,473.86163,274.7231,489.46585,275.054,0.8670379
590.78925,257.94812,43.009727,52.469414,0.84902596,586.74786,249.34964,604.6347,252.59064,596.2317,262.5246,582.79803,267.93597,599.74896,270.9265,0.83544403
590.9407,258.1119,42.519245,52.070965,0.81640553,586.86096,249.39537,604.60693,252.54567,596.2451,262.65018,583.04834,267.76178,600.04645,270.6964,0.8033176
481.30978,266.47598,35.242836,45.604294,0.74830955,473.61368,259.84723,489.7149,260.22534,482.48895,269.55878,473.91022,274.84048,489.8675,275.09625,0.7363099
54.103832,368.57495,41.05335,53.916557,0.8876023,46.86338,362.07428,65.921295,363.47745,56.87018,375.2223,44.338432,379.0339,63.837967,380.65414,0.87344044
160.5741,361.4327,35.60819,50.698086,0.88375795,152.77417,356.63986,168.86371,356.0108,161.3682,365.70624,154.938,374.1241,168.13567,373.60107,0.8696573
160.56313,361.6657,35.75211,50.188988,0.87795967,152.6631,356.7588,168.97572,356.05316,161.35545,365.884,154.88567,374.14798,168.18036,373.60388,0.8638945
264.56464,360.5831,37.713547,51.13658,0.8797772,255.62573,356.34277,272.6189,354.2546,264.87463,365.38806,257.30063,372.09158,273.79202,370.02954,0.8657003
370.40723,359.78268,36.883488,49.457874,0.8795841,358.6629,356.42618,374.49072,354.67737,365.20514,364.4141,360.87228,371.3469,376.76257,369.37265,0.8655473
370.51392,359.6601,37.166855,49.421852,0.8781948,358.82693,356.52582,374.7089,354.82422,365.53516,364.56024,361.05933,371.16574,376.86737,369.26984,0.8641166
483.10388,367.00354,36.480427,46.986027,0.88388336,474.83157,360.70856,491.2881,363.15964,480.95032,372.36224,472.6229,375.66818,488.6645,378.0011,0.8697504
593.3925,364.0726,38.959137,49.503056,0.875716,588.26306,357.2095,605.9074,358.38193,598.72327,368.11588,587.3921,374.30072,603.27966,375.47815,0.8617557
593.4097,364.0107,38.85652,49.57163,0.86919427,588.3019,357.13147,605.8329,358.2999,598.93335,367.88776,587.7002,374.08084,603.44635,375.32568,0.85528487
54.118057,368.47125,40.712658,53.452686,0.8856554,46.698624,362.07938,65.78551,363.4111,56.742798,375.18137,44.278954,378.7058,63.723747,380.38678,0.87145674
483.1427,367.0688,36.36275,46.959484,0.8838471,474.83856,360.7069,491.25784,362.97266,481.16617,372.4497,472.55002,375.55255,488.8533,377.62503,0.8696698
593.63434,363.7839,38.777405,49.94963,0.8023533,588.4154,357.303,606.01135,358.5654,598.90247,368.48248,587.2282,374.1293,603.4347,375.2997,0.78950286
52.685505,469.50616,42.519257,55.9522,0.8160132,43.544422,463.3234,62.748573,465.49042,53.06495,476.09872,42.62093,480.1286,62.57244,482.07053,0.8030123
373.0746,469.9836,38.442802,54.031807,0.796206,361.85797,463.3554,379.91776,464.51318,368.81796,476.254,362.9455,481.24213,380.07297,482.09552,0.78351897
588.87225,465.6007,40.415882,58.257095,0.8856925,580.1203,459.92377,598.8088,459.51236,590.1311,471.63495,580.7131,477.31656,598.67926,476.94183,0.8715658
52.74601,469.60464,41.41679,54.23163,0.86695385,43.60652,463.55783,62.408165,465.27435,52.73299,475.61865,42.404198,480.0587,61.812378,481.71173,0.8531107
52.778954,469.4101,41.93914,54.64631,0.8820087,43.740364,463.29248,62.788994,465.20395,53.06035,475.67957,42.665558,479.65933,62.268684,481.5382,0.8678679
160.29408,475.42725,39.06384,49.64321,0.88146365,154.54878,469.43414,171.46527,474.16333,161.07848,483.59674,150.23587,484.24463,165.63089,488.76044,0.86740845
160.25247,475.45767,38.994045,49.94868,0.8811455,154.71938,469.6839,171.76324,474.72385,161.55016,483.71774,150.1835,484.01242,166.05827,488.85254,0.8670324
265.7885,473.3125,38.310753,53.271908,0.88378876,258.0251,465.49448,275.2189,465.88165,266.97607,476.9883,257.25027,482.33606,275.19946,482.84546,0.86963916
265.94327,473.3329,38.11969,53.178177,0.8508661,258.13077,465.60455,275.21646,465.9836,266.72324,477.27606,257.60834,482.42844,275.28012,482.98328,0.8372188
373.1426,470.09134,37.59837,53.899616,0.8681095,362.0301,463.54364,379.71515,464.27847,368.6192,476.25073,363.08813,481.3952,380.10107,481.78845,0.8542429
373.16714,470.04407,38.55921,53.92074,0.8777355,362.0022,463.46228,380.07892,464.51492,368.71,476.2583,363.01706,480.8916,380.19464,481.6955,0.8636642
479.061,477.25955,40.79975,59.266747,0.8621255,469.59076,474.68738,489.03195,474.6225,479.51392,488.54953,470.85965,492.1622,487.29852,492.17856,0.8483766
478.9385,477.29803,41.06254,58.88369,0.83675396,469.66528,474.31442,488.97128,474.11786,479.35168,488.2973,470.8896,492.2809,487.37927,492.02557,0.8233598
588.79443,465.46906,40.414173,57.99514,0.8872203,580.12885,459.8549,598.672,459.6319,589.9341,471.74405,580.3754,477.3452,598.4284,477.09308,0.87300944
588.69324,466.0116,40.545166,57.175453,0.76933134,580.0238,459.84485,598.87384,459.79572,589.82605,472.01535,580.4902,477.24518,598.6119,477.1655,0.7570015
265.92087,473.9186,38.22147,53.064915,0.7682391,258.061,465.67233,275.05914,466.0171,266.8856,477.08395,257.223,482.577,275.27747,483.02103,0.75594777
478.7958,477.65475,40.826138,58.707336,0.7659108,469.71945,474.55518,488.8737,474.60535,479.30093,488.47833,470.42334,492.24332,487.09558,492.14438,0.7536531
482.22635,158.66394,43.610626,60.21359,0.74229884,471.90225,154.38321,491.9233,153.1417,482.2555,165.93959,472.99826,173.23633,492.0828,172.15416,0.7298753
